"Company Name","Full Job Board URL"
"Fiverr","https://www.comeet.com/jobs/fiverr"
"Playtika","https://www.comeet.com/jobs/playtika"
"AppsFlyer","https://www.comeet.com/jobs/appsflyer"
"Playbuzz","https://www.comeet.com/jobs/playbuzz"
"KPMG Israel","https://www.comeet.com/jobs/kpmg-il"
"Coro","https://www.comeet.com/jobs/coro"
"Ermetic","https://www.comeet.com/jobs/ermetic"
"Axis Security","https://www.comeet.com/jobs/axis-security"
"Canonic","https://www.comeet.com/jobs/canonic"
"Voyantis","https://www.comeet.com/jobs/voyantis/86.00B"
"Silk","https://www.comeet.com/jobs/silk/F6.00C"
"Lumissil Microsystems","https://www.comeet.com/jobs/lumissil/05.00F"
"Travelier","https://www.comeet.com/jobs/travelier/64.006"
"Lusha","https://www.comeet.com/jobs/lusha/73.00B"
"AT&T Israel","https://www.comeet.com/jobs/joinattil/"
"Cross River","https://www.comeet.com/jobs/crossriver/"
"esh","https://www.comeet.com/jobs/esh/"
"Remedio","https://www.comeet.com/jobs/remedio/"
"Port","https://www.comeet.com/jobs/port/"
"CommIT","https://www.comeet.com/jobs/comm-it/"
"Bigabid","https://www.comeet.com/jobs/bigabid/"
"Vi","https://www.comeet.com/jobs/vi/"
"Aqua Security","https://www.comeet.com/jobs/aquasec/"
"Finout","https://www.comeet.com/jobs/finout/"
"Milpower Source","https://www.comeet.com/jobs/milpower/"
"ACS Motion Control","https://www.comeet.com/jobs/ACS/"
"Autobrains","https://www.comeet.com/jobs/autobrains/"
"Global-e",""
"Reflectiz",""
"Ownera",""
"Surecomp",""
"Enlight Renewable Energy",""
"Vetric",""
"Port",""
"ZIM Integrated Shipping Services",""
"SodaStream International, Ltd.",""
"SodaStream",""
"Maytronics",""
"Discount Bank בנק דיסקונט",""
"abra",""
"Classiq Technologies","https://www.comeet.com/jobs/classiq/F7.008"
"Port","https://www.comeet.com/jobs/port/59.004"
"CYMOTIVE Technologies","https://www.comeet.com/jobs/cymotive/F1.008"
"Cynet","https://www.comeet.com/jobs/cynet/33.00D"
"Cognyte","https://www.comeet.co/jobs/verint/F2.009"
"Global-e","https://www.comeet.com/jobs/global-e/62.002"
"Nagish","https://www.comeet.com/jobs/nagish/D8.007"
"SodaStream","https://www.comeet.com/jobs/sodastream/40.008"
"Maytronics","https://www.comeet.com/jobs/maytronics/E3.008"
"mPrest","https://www.comeet.com/jobs/mprest/38.005"
"Gloat","https://www.comeet.com/jobs/gloat/E5.000"
"Percepto","https://www.comeet.com/jobs/percepto/44.000"
"XTEND","https://www.comeet.com/jobs/xtend/85.00A"
"Bagira Systems","https://www.comeet.com/jobs/bagirasystems/47.006"
"Echo","https://www.comeet.com/jobs/echo/9A.006"
